0	1	a	the authorized information will be used by the physician performing my surgery and by other individuals as determined by my physician
1	0	a	i and or my physician counselor have signed the informed consent portion of the test order form indicating that we have discussed the items on this document and i will also receive a copy of this consent form
2	1	a	and since this study may involve patients and his her parents information will only be shared with the individual him herself and parents unless the family requests otherwise
3	0	a	afterthe first and the 3lrd dose given 6 months after the first
4	1	a	in order to minimize the risk of unintended release of information shared data and samples will be stripped of all identifiers except for a study code to permit tracking
5	0	a	i have read this entire form
6	0	a	are you taking oral contraceptives or receiving hormonal treatment 13
7	0	a	delete this sub heading if you are certain it does not apply
8	0	a	the qualifying physician has provided the patient or the patient s caregiver a summary of the current research on the efficacy or marijuana to treat the patient s medical condition
9	1	a	i agree to accept blood donated by volunteers i agree to receive only blood that i have banked first
10	1	a	you may be asked sensitive or private questions which you normally do not discuss for randomized studies only the study drug s study approach may not be better and could possibly be worse than the usual approach for your cancer
11	0	a	if a serious allergic reaction occurred it would happen within a few minutes to a few hours after the shot
12	0	a	if you are interested in enrolling in the biobank please go to the link provided on the contact us page to email biobank study staff and they will send you the appropriate materials
13	0	a	while the possibility of this happening is very low you should still be aware of the possibility
14	0	a	anemia which may require blood transfusion diarrhea nausea vomiting difficulty swallowing tiredness bruising bleeding numbness and tingling of the arms and legs increased risk of sunburn occasional some may be serious in 100 people receiving folfox from 4 to 20 may have heart attack chest pain abnormal heartbeat which may cause fainting hearing loss swelling and redness of the eye dry eye mouth skin
15	0	a	or if you join this study and do what is necessary you would receive a check for
16	0	a	please note if you are a family member who has agreed to testing to assist in evaluation of the patient s genetics neither you nor your physician will necessarily receive the results of the test
17	0	a	alternatives one alternative is not to participate or provide specimen to repository
18	0	a	you will also be responsible for any co payments or deductibles required by your insurance
19	1	a	i understand that i am not waiving any of my legal rights by signing this informed consent document
20	1	a	by signing this form you are not waiving any of your legal rights
21	0	a	sometimes people have problems in research studies that make them feel bad
22	0	a	your access to your health information will will not choose will or will not be limited during this study
23	0	a	if in my clinical opinion the adult patient has questionable ability to make his her own health care decisions i discussed the above with the patient and with the patient s legally authorized representative
24	0	a	you may choose hospice palliative and or comfort care a70 are there any consequences to me if i decide to stop participating in this study no
25	0	a	the side effects that other people have experienced so far with the drug device intervention are state here the risks related to the research intervention s itself
26	0	a	delete if not needed attachment 1 details of study schedule and procedures medical college of wisconsin froedtert hospital informed consent for research template a version may 1 2014 irb protocol number enter study
27	0	a	example if you participate in this research you will have the following benefits any interim illnesses will be treated at no charge to you
28	0	a	sometimes fixodent or vaseline placed inside the temporary will help hold it in place
29	0	a	modify this list as appropriate delete or add items as necessary
30	0	a	you may take this document home to read or to discuss with your family members or doctor before deciding to take part in this research study
31	0	a	there is no cost to you for taking part in this project
32	0	a	you will be given a copy of this signed and dated consent form and the research subject s bill of rights to keep
33	0	a	if there is anything that you do not understand please ask questions
34	1	a	we would collect general information related to your health such as test results treatments and doctor s notes
35	0	a	in addition you might have to decide whether or not to discuss the findings with members of your family
36	0	a	information regarding the reliability of positive or negative test results and the level of certainty that a positive test result for that disease or condition serves as a predictor of such disease
37	0	a	in the application you must request a waiver or alteration of consent in the electronic application
38	0	a	signature of parent with legal custody legal guardian date adult patient or emancipated minor patient or other legally authorized representative of patient print name relationship to patient notary acknowledgment only needed if this form is not signed at a children s location
39	1	a	you may not withdraw information that we had before you told us to stop
40	0	a	it is mild easily taken and quickly eliminated by the body
41	0	a	a federal law called the genetic information nondiscrimination act gina generally makes it illegal for health insurance companies group health plans and most employers to discriminate against you based on your genetic information
42	0	a	you have the right 1 to be told about the nature and purpose of the study
43	0	a	tufts medical center tufts university department name agreement to participate in research title of study principal investigator co investigators we are inviting you to take part in a research study we are doing
44	0	a	she will need to know what the study is about the possible risks and benefits of being in this study and what you
45	0	a	if modifying the template language to include other studies is necessary use simple concise lay language
46	1	a	the insert type of scan e g pet ct that you will receive in this study will expose you to low amounts of radiation
47	0	a	you want to be in this study
48	0	a	please indicate if you have any of the following aneurysm clip s
49	1	a	however we can continue to use information we have already started to use in our research as needed to maintain the integrity of the research
50	1	a	if a result or incidental finding that may impact your or your family s health is discovered the finding will be reviewed by a committee to determine if you should be contacted
51	1	a	a registry keeps information about you on file so that other researchers not involved in this particular study may contact you in the future about whether you are interested in being in different research studies
52	1	a	my signature agreeing to take part in the main study notes to consent form authors 1
53	0	a	participation in this study is completely voluntary
54	0	a	to formally withdraw your your child s consent and or revoke your his her authorization we ask that you contact dr
55	0	a	if you receive a bill related to this study please contact dr
56	0	a	if you don t want to be in the study what can you do instead include this section if research intervention occurs during regular school hours
57	0	a	i understand that the nature and purpose of the surgical procedure s indicated to me by the doctor
58	0	a	2 provide a brief phase specific description of the study groups
59	1	a	during your time at uphs any time that tissue is removed as part of your care the removed tissue may be examined in the department of pathology
60	0	a	occasionally for technical reasons it is not possible to produce this type of anesthesia or
61	1	a	this consent form authorizes the administration of multiple doses of a vaccine if medically indicated
62	0	a	you may also need to tell your regular doctors
63	0	a	after your surgery make sure that your healthcare providers clean their hands before examining you either with soap and water or an alcohol based hand rub
64	0	a	however doing so may not be appropriate in all cases for example if identification of the subject as a study participant might put the subject at risk of criminal prosecution or harm to reputation
65	0	a	yes no 5 have you ever been injured by a metallic object or foreign body e g bb bullet shrapnel etc
66	0	a	7 to be given a chance to ask any questions concerning the research study both before agreeing to participate and at any time during the course of the study
67	0	a	it causes a rash itching fever and tiredness
68	0	a	a22 delete this header
69	0	a	u1 6 14 gen consent halifax health patient name medical center of daytona beach 303 n clyde morris blvd daytona beach fl 32114 adm
70	0	a	any additional tissue we take during your procedure will not significantly increase the risk to you
71	0	a	you should not get pregnant while in this study
72	1	a	my tissue data will be stored in a way that does does not directly identify me
73	1	a	to protect your identity we will give your specimen s a code number
74	0	a	i understand that following the procedure during the healing process i should not smoke drink heavily use any drugs not prescribed by my doctor
75	1	a	this test requires dna most often provided from a sample of blood
76	0	a	you would receive these tests procedures and or drugs even if you were not participating in this study
77	1	a	list a specific date on which the authorization will expire e g will end on december 31 2050
78	0	a	a3 if you are native american and agree to participate in this study there may be risks associated with the research that impact your community
79	0	a	include gina language if conducting genetic testing a federal law called the genetic information nondiscrimination act gina generally makes it illegal for health insurance companies group health plans and most employers to discriminate against you based on your genetic information
80	1	a	n i do not consent to the administration of blood blood products due to my religious cultural personal beliefs
81	0	a	standard lettering is used for explanations to researchers only and must not be included in your consent forms
82	0	a	providing a brief description of a usual approach which should not be overly specific or detailed allows the research to be placed into an appropriate context
83	0	a	make sure your health care provider records all your vaccinations on it
84	0	a	if there are no costs to the subject state so
85	0	a	the risks from receiving blood from volunteer or directed donors include i an allergic reaction including hives itching or a rash
86	0	a	o1 date for other the clinical indication for the blood product must be recorded in the patient s medical record unit batch number staff signature checked by staff sign administered by time started completed
87	0	a	be given an explanation of the procedures to be followed in the medical experiment and any drug or device to be utilized be given a description of any attendant discomforts and risks reasonably to be expected be given an explanation of any benefits to the subject reasonably to be expected if applicable
88	1	a	your tissue or sample will always be used first to help make clinical decisions about your care or health
89	1	a	all identifiable information that will be collected about you will be removed from biological samples and replaced with a code
90	0	a	a risk can be thought of as being the possibility that harm may occur
91	0	a	n are you allergic to bees
92	0	a	the address and fax number are on page one of this consent form
93	0	a	telehealth and telehealth consultations i have been advised and understand that telemedicine telehealth involves the use of electronic communication including interactive audio and video to enable health care professionals at different locations to share patient medical information for the purpose of improving patient care
94	1	a	i understand this may also include representatives of companies that sell equipment that may be used in my procedures may also be present and participate
95	1	a	medical records hippa privacy information i hereby acknowledge full and complete consent to and make request for an influenza vaccination
96	0	a	while this alternate text has been endorsed by the irbmed it may not be appropriate for all studies
97	0	a	acceptable terms include payment remuneration reimbursement gift prize token of appreciation etc
98	0	a	if you wish to participate please select the accept button below to begin the survey
99	0	a	signature of person s conducting the informed consent discussion date of signature note to consent form authors and investigators recommendations about attachments to the consent form cf 1
100	0	a	this treatment has been explained to me
101	1	a	you will not be informed if researchers look at your medical records
102	0	a	for how long will mount sinai and queens hospital center be able to use or disclose your protected health information a specific duration can be given but has to be consistent with fda faculty handbook and other guidelines
103	0	a	use the terms samples tissues or specimens as appropriate but consistently after we do tests on tissue in this study some tissue may be left over
104	0	a	i platelets platelets help the blood to clot
105	0	a	7 incomplete removal endoscopic ultrasound with fine needle aspirate injection or fiducial placement 1
106	1	a	placebo during this study there is a xx chance that you will receive a placebo
107	0	a	are there benefits to taking part in the study taking part in this study may or may not make your health better
108	0	a	we cannot promise any benefits to your child from your being in the study
109	0	a	i understand that i may receive separate billing from each of these providers for services rendered
110	0	a	we will protect your privacy to the extent permitted by law
111	0	a	your insurance company might pay these costs but some insurance policies do not cover these costs
112	1	a	all of my questions have been answered to my satisfaction and i consent to the treatment and procedures prescribed for the patient on the treatment plan
113	0	a	i understand that treatment of my child s teeth for which i desire cosmetic dental procedures to be performed may entail certain risks and possible unsuccessful results with even the possibility of failure to achieve the results which may be desired or expected
114	0	a	especially when white blood cell count is low occasional some may be serious in 100 people receiving radiation therapy from 4 to 20 may have thickening and numbness of the skin sores or ulcers on the skin or near the cancer location permanent hair loss bleeding from the skin
115	0	a	all you have to do is tell us you want to stop
116	0	a	talk to your physician or genetic counselor if you have concerns about genetic discrimination prior to testing
117	0	a	neither you nor your health care plan insurance carrier will be billed for the collection of the insert sample type that will be used for this study
118	0	a	legal name title signature date of signature mm dd yy page 18 of 19 consent subtitle consent version
119	1	a	here are just a few of the steps they will take 1 when your sample s is sent to the researchers no information identifying you such as your name will be sent
120	0	a	contacts you can obtain further information from the principal investigator name of principal investigator plus his her degree m d ph d
121	0	a	this is a consent form for research participation
122	0	a	provider will attempt to obtain acknowledgement as soon as practical
123	1	a	your health information may still be used or shared after you withdraw your authorization if you should have an adverse event a bad effect from being in the study
124	0	a	compensation include information on payment or other types of compensation as applicable specifying method and timing of payment e g to thank you for participating in this study you will receive a 20 gift card for after you complete the interview
125	0	a	this assent document applies to examples children ages 7 12 or adults that are unable to legally give informed consent
126	0	a	by signing this document you are not giving up your right to pursue legal action against any and all parties involved with this research
127	0	a	most of the tests procedures and or drugs provided to you are routinely used to treat your illness
128	0	a	does being in the study cost me anything there is no extra cost to you or to your insurance company for being a part of mycode
129	0	a	if you have a research statement and signature line on your irb approved consent form you are required to have the person conducting the consent discussion sign the researcher statement
130	1	a	i understand that my physician surgeon may designate assistants associates residents interns technical assistants and other health care providers as deemed necessary to assist him her with the procedure s listed below
131	0	a	use the following text for all studies you may visit the nci web site at http cancer gov for more information about studies or general information about cancer
132	0	a	inform your nurse if you have stored your own blood even though you have stored your own blood you will not receive that blood unless your physician decides you need a transfusion
133	0	a	what if i decide not to give permission to use and give out my health information you may refuse to sign this authorization form
134	0	a	i understand that additional treatment may be needed later if further problems develop
135	0	a	if testing is performed as a result of study participation for any communicable or infectious diseases reportable by utah state law the following must be addressed in this section refer to http health utah gov epi report html for a current list of utah s reportable diseases o tell the participant about the state reporting
136	1	a	you can have your remaining samples destroyed and tell researchers to stop using your personal medical information
137	1	a	while we work with other researchers that are very professional alld are also concerned about confidentiality we camlot guarantee they are required to follow the same rules
138	0	a	4 in some cases this information could be used to make it harder for you to get or keep a job or insurance
139	1	a	we will make the mri report available to your doctor and if you want we will talk with your private physician or refer you to someone for follow up a11 will there be testing for hiv yes hiv testing will be done during this research study
140	0	a	you will be given a copy of this form to keep for your own records
141	0	a	if you want to speak with someone who is not directly involved in this project or have questions about your rights as a research subject please contact the office for the protection of research subjects
142	0	a	you should also not breastfeed a baby while in this study as the specify experimental procedure investigational treatment experimental drug used in this study could harm a newborn baby
143	0	a	i am satisfied with it and know that it does not include additional post operative x rays injections or anesthetics that may later be necessary to correct any complications
144	0	a	text examples for chemotherapy radiation therapy surgery biologics imaging other studies text example phase 1 first in human novel route combination studies or non randomized phase 2 studies you are being asked to take part in this study because you have insert type of cancer e g advanced pancreas cancer
145	0	a	diarrhea nausea vomiting tiredness headache high blood pressure which may cause blurred vision occasional some may be serious in 100 people receiving bevacizumab from 4 to 20 may have
146	0	a	i agree i am financially responsible to children s for all payment obligations arising out of the medical care services and supplies care provided to the patient during the next year
147	0	a	notice although the hospital may participate in your health plan a physician involved in your care may or may not be a participating provider
148	0	a	include the fol owing three bul ets if your study will not have a contractual agreement with a sponsor to provide compensation for research related il ness or injury
149	0	a	however scientists believe that if you get extra radiation that is more than about 30 year s worth of background radiation there is a chance of having a harmful side effect including causing a new cancer
150	0	a	do you have to be in the study
151	0	a	7 annotated consent document for the texas cancer research biobank there are different kinds of databases some are publicly accessible and some are restricted
152	0	a	what should i do call a doctor or get the person to a doctor right away
153	0	a	although crowns and bridges have a high degree of success it is a biological procedure therefore it cannot be guaranteed
154	0	a	the researchers leading this optional study hope the results will help other people with cancer in the future
155	0	a	if you have any questions about this financial interest please talk to name and telephone number of non financially interested designee
156	0	a	by studying many different kinds of cancer in this way we expect to identify most of the genetic changes associated with different kinds of cancer
157	1	a	i hereby assign to ut southwestern and any practitioner providing care and treatment to me any and all benefits and all interest and rights for services rendered under any insurance policies including but not limited to medicare medicaid tricare or any reimbursement from a pre paid health care plan
158	0	a	if you believe or know you have become pregnant while participating in this research study please contact name and phone number as soon as possible
159	1	a	i consent to my samples being saved for future research
160	0	a	before you sign this form be sure you understand what the study is about including the risks and possible benefits to you
161	0	a	further testing of you and or your family may be needed to confirm your test results which could result in additional expense to you
162	0	a	a repository provides a way for researchers to store samples of tissues for example blood tissue specimens obtained from biopsies and tissues or organs removed during surgery and medical information for example information from your medical record about your condition about a person for future use in research studies
163	0	a	if you believe that your child has sustained an injury as a result of participating in this research program please also contact the investigators and or chief of staff shriners hospitals for children salt lake city hospital at 801 536 3600
164	1	a	furthermore our consent explains that in the event of a returnable result the participant will be contacted to find out if he she wants to learn more preserving the participant s right not to know
165	1	a	it may be given to governmental agencies in other countries where the study drug may be considered for approval
166	0	a	gold coast health public health unit school immunisation program consent form year 7 school class student details surname given names date of birth gender male medicare
167	0	a	do you have any questions you can contact us if you have questions about the study or if you decide you don t want to be in the study any more
168	0	a	single blind trial in a blind trial you will not know which treatment group your child is in
169	0	a	you may discuss any questions about your rights as a research subject in private with a member of the institutional review board irb
170	0	a	you as an individual may or may not be helped by volunteering for a research study
171	0	a	read guidelines for each section complete as applicable for your project and then delete the template guidelines
172	1	a	if you agree to provide us with a sample it becomes the property of
173	0	a	discussion and refusal of treatment patient s name last first date of birth initial i am being provided this information and refusal form
174	0	a	however sometimes other people at cleveland clinic akron general may see or give out your information
175	0	a	therefore you should not assume that these changes are absent or that you are not at risk for having another child with craniosynostosis if we do not notify you of any abnormalities
176	0	a	i understand and read the english language or have had adequate interpretation or translation of this document
177	0	a	if we can predict disease we may be better able to prevent or treat disease
178	0	a	if an emergent situation were to arise the anesthesia team from kaleida health may become involved in my care to safely resolve the emergency situation and to manage my pain
179	0	a	if yes to either question above were you tested to ensure all metal was removed yes no yes surgical implants cardiac pacemaker
180	0	a	your participation in this research is voluntary and you will not be penalized or lose benefits if you refuse to participate or decide to stop
181	0	a	simplified consent for biobanking english citation beskow lm lin l dombeck cb gao e weinfurt kp
182	0	a	depending on the complexity of the study give treatment time points as part of these descriptions or in a table
183	1	a	you do not waive any liability rights for personal injury by signing this form
184	0	a	note include this paragraph if the study is taking place in a school parents please be aware that under the protection of pupils right act 20 u s c
185	0	a	notice the care and treatment received at halifax health facilities may be provided by physicians or other individuals who are agents of the halifax hospital medical center tax district or other governmental body
186	0	a	what if a research related injury occurs the researchers have taken steps to minimize the known or expected risks
187	0	a	informed consent i have been given the opportunity to discuss and ask any questions regarding the nature and purpose of restorative treatment for dental caries and have received answers to my satisfaction
188	0	a	feel free to ask all the questions you want before you decide
189	0	a	if you have any questions concerns or complaints about this research study its procedures risks and benefits or alternative courses of treatment you should ask the protocol director name of protocol director
190	0	a	otherwise delete
191	0	a	unit batch number staff signature checked by staff sign administered by time consent date
192	1	a	in the future researchers can apply for permission to use the specimens data for new studies to prevent diagnose or treat disease including genetic research
193	1	a	your child s information will be available should an emergency arise that would require the treating physician to know this information to best treat your child
194	0	a	modify the following sentence to be consistent with the study for patients who receive the usual approach for this cancer about insert appropriate number out of 100 are free of cancer at five years
195	0	a	make sure that check box titled show readability statistics is selected under when correcting spelling and grammar in word header
196	0	a	d 52 1590951 provides services in az mo nh nv and ri
197	1	a	i consent to the use of my dna sample for research purposes
198	1	a	i agree to have transfusions of blood and other blood products that may be necessary along with the procedure i am having
199	1	a	if a study like this is approved someone from this project will contact you
200	1	a	if my doctor is unavailable or is unable to contact me for some reason i understand that no contact or exchange of information between the repository and me concerning my sample will be possible nor wil it be possible for me to request removal of my sample from the collection once it has been de identified and submitted
201	0	a	i am responsible for paying all co pays and deductibles at the time services are rendered and all costs that have not been paid for by my insurance within 45 days
202	0	a	there is also a small chance that researchers could find something that might be important to your health
203	0	a	we will swipe the inside of the mouth once with this swab and it will not hurt at all
204	0	a	if you have any questions about your participation in this study if you feel you have had a research related injury or a reaction to the study drug or if you have questions concerns or complaints about the research call the 24 hour number also listed on the top of this form at any time to report a research related injury or a health concern possibly related to the study drug
205	0	a	delete this section if not required by the umcirb or facility at which research is conducted
206	0	a	if payment is pro rated examples to be modified there is no payment for being in this study but we will give you a parking voucher for free parking every visit and a gift certificate for
207	1	a	i would would not like to have my doctor s name remain linked to my coded sample in the repository s records
208	1	a	also there are some portions of the genome that the neurome neurological exome test may not capture and sequence sufficiently in your sample s note the doctor ordering the test can request information about how well genes of interest were covered by the neurome neurological exome test
209	0	a	1 2 company or agency sponsoring the study provide the name s of the sponsor s of the study
210	0	a	in fact only 40 out of every 100 people given the malaria drug xyz are completely cured
211	0	a	for example subjects on a drug to treat their diabetes may experience elevated blood sugars unless they switch to another drug
212	0	a	procedures do not necessarily need to include specific names of standard lab tests e g cbc cmp lipid panel ua but participants should know the type of specimen required for testing and the general purpose of the testing e g a blood sample will be taken from your arm to perform standard lab testing to make sure you do not have a low red blood cell count
213	0	a	the information given included the section about the use and disclosure of protected health information
214	0	a	a certificate of confidentiality does not prevent you or a member of your family from voluntarily releasing information about yourself or your involvement in this research
215	0	a	b you have persistent pain c you have any questions or concerns 8 emergency telephone numbers tischler dental 845 679 3706 this disclosure is not meant to alarm or frighten you
216	0	a	section length limit this section should be between four and six sentences and take up no more than one eighth page
217	1	a	to help protect confidentiality explain security measures to be taken in simple terms e g we will give your study data a code number and keep it in a file with a password that only the researchers know
218	0	a	i understand there are certain common inherent risks possibly associated with this sur gery and anesthesia including but not limited to 1 drug reactions and side effects 2
219	0	a	i understand that in addition to the risks described to me about this procedure there are risks that may occur with any surgical or medical procedure
220	0	a	i have received information about the proposed treatment
221	0	a	your surviving child may choose whether or not you
222	0	a	informat ional use only informed consent form the doctor has explained to me the problem that exists with my teeth mouth and or jaws
223	0	a	language in the emergency use consent form must reflect that the treatment is not fda approved and the treatment is an option for treating the patient s life threatening condition
224	0	a	if you decide to allow your child to continue in the study you will be asked to sign an updated consent form
225	1	a	the undersigned understands that medical records and billing information generated or maintained by the facility are accessible to facility personnel and medical staff
226	0	a	signature of parent date printed name of parent if signature of second parent not obtained indicate why select one the irb determined that the permission of one second parent is incompetent parent is sufficient second parent is not reasonably available second parent is deceased only one parent has legal responsibility second parent is unknown for the care and custody of the child obtained verbally without signature
227	1	a	the researcher can destroy the leftover samples or return them to mayo clinic
228	0	a	template consent form biomedical study consent to participate in research title of study designate any subject sub group here e g controls
229	1	a	we will also ask you a few questions about your general health and measure how tall you are and how much you weigh
230	0	a	a do you have a history of asthma tell your doctors before you begin labor
231	0	a	you should not take part in more than one study without approval from the researchers involved in each study
232	0	a	in this case information could potentially be used to discriminate against you
233	0	a	if you have any questions concerning this notice please feel free to ask your physician or an administrative representative of north central surgical center
234	0	a	but if you do not you will not be able to participate in this research study
235	0	a	the fee s for these services have been explained to me and are satisfactory
236	1	a	they might use that information for many different things such as clarifying health risk in your family or determining if you were genetically related to someone
237	0	a	consent a46 to participate
238	0	a	if you receive 600 or more from the university or the gw medical faculty associate gw must report the amount you receive to the internal revenue service irs on the form 1099 misc
239	0	a	you are being asked to participate in a research study
240	0	a	i believe i have enough information to make an informed decision and i agree to have the procedure
241	1	a	you may refuse to submit your specimen for use in this way and may withdraw your consent at any time by contacting the laboratory medical director
242	1	a	samples or related information that have already been given to or used by researchers will not be returned
243	1	a	study participants are given placebos so that the effects of a drug can be compared against no drug
244	0	a	name of participant signature of participant date name of witness signature of witness date pi name page 1 of 1 title of study footer for irb use only version 072012 image stamp institution irb approved approveddate expiration expirationdate number
245	0	a	have you ever had a serious reaction after receiving any vaccination 4
246	0	a	you may also need to provide your address if a check wil be mailed to you
247	0	a	if for example information is inaccurate or incomplete or samples are missing contaminated or mislabeled if samples from key family members are not available or if there is some other problem with the sample when it is provided to the testing lab the samples may not be usable for the neurome neurological exome test or the results of the test may not be accurate or reliable
248	0	a	you can ask questions prior to the administration of the vaccines the following vaccines are available diphtheria tetanus pertussis dtap td tdap haemophilus influenzae b hib polio ipv hepatitis b measles mumps rubella mmr varicella vzv pneumococcal vaccine pcv meningococcal vaccine mcv hepatitis a hav or hep a
249	0	a	signature of child date printed name of child signature of parent or individual legally authorized to consent date to the child s general medical care parent individual legally authorized printed name of parent or individual legally authorized to to consent to the child s consent to the child s general medical care general medical care see note below
250	0	a	i or me may also depending on the context mean financial guarantor guarantor
251	0	a	we continue to use broad language here rather than name any particular disease in order to be consistent with the rest of the consent which states that specimens and information may be used for many different types of research
252	0	a	do you have any allergies
253	0	a	7 ask your provider
254	0	a	this form gives you important information about the study
255	1	a	i intend this consent form to cover the en tire course of treatment for my present and any future conditions for which i seek treatment
256	0	a	this information would include a copy of this consent form
257	0	a	if applicable add investigator version date footer for irb use only version 102513 image stamp institution irb approved approveddate expiration expirationdate number
258	0	a	assignment of benefits i am receiving medical care from good shepherd and its providers
259	0	a	genetic information about you sometimes applies to other family members
260	0	a	during this visit we will do some tests and procedures to see if you eligible to take part in this research study
261	0	a	i further understand that i may be wearing temporary crowns bridges which may come off and that i must be careful to ensure that they are kept on until the permanent crowns bridges are permanently cemented
262	0	a	however because the sponsor is required by federal law to report that payment to the center for medicare and medicaid services ecu will be asked to release your identifiable information including your social security number to the study sponsor
263	0	a	332 7331 informed consent information for ridge preservation surgery patient namedate of birth advanced periodontal disease tooth fracture or other types of abscesses may cause severe bone loss around a tooth requiring extraction of the tooth
264	1	a	i also understand that i reserve the right to change my mind no i do not consent to being audio video recorded
265	1	a	if my injury is workrelated i authorize the hospital to release any information from my medical records to my employer and or its designee
266	0	a	the videotaping will be done during your regular math class so it won t take any extra time
267	0	a	to investigators if this form is used as a parental permission and assent form usually appropriate for teenage participants please omit i am at least 18 years of age
268	1	a	i understand that my child s sample will be used to create cell lines that will be added to the repository s collection
269	0	a	i understand that neither sparrow hospital nor health care providers accept liability for failure to meet any pre certification required by my insurance carrier and i agree to pay for all services if pre certification is denied by my insurance carrier
270	0	a	i am aware that the practice of medicine is not an exact science and have also been informed there are other risks which are attendant to any procedure and i acknowledge that no guarantee s or assurance s has have been made to me as to the result s that may be obtained concerning this procedure
271	0	a	family and friends should clean their hands with soap and water or an alcohol based hand rub before and after visiting you
272	1	a	if i do not agree to have my tissue stored the tissue will be thrown away
273	0	a	if a question is not clear please ask your health care provider to explain it
274	1	a	if you do not want your genetic information in your medical record you should not participate in this study
275	1	a	the results specify will will not be added to your medical records and you or your study doctor specify will will not know the results
276	0	a	investigators are expected to write consent forms in simple language
277	0	a	subscribed and sworn to before me on this day of 20 day month notarypublic in and for the state of oklahoma
278	0	a	if you feel upset from this experience you can tell the researcher and he she will tell you about resources available to help
279	0	a	option 3 mixed research and routine care industry sponsored mixed research and routine care the study sponsor will supply the name of investigational device agent at no cost while you take part in the study
280	1	a	lotus root acupuncture i hereby request and consent to acupuncture treatment s and other procedures and modalities associated with traditional chinese medicine tcm by pamela zilavy l ac
281	0	a	signature of patient guarantor representative date time relationship if not patient signature of witness date time gen consent patient unable to sign
282	0	a	both the insert description of first research intervention e g higher radiation dose and insert description of second research intervention e g cetuximab have already been tested for safety however they are not part of the usual approach
283	1	a	yes i choose to participate in the optional banking sub study
284	1	a	you may ask for study data once the study is over
285	0	a	we hope the information from this study will help us test name of study product further in the future
286	0	a	date time printed name of participant
287	0	a	the college of dentistry promises to do the best job they can for the oral condition that exists in my mouth
288	0	a	if we collect a blood sample you may feel brief pain or have some bruising from the needle
289	0	a	it may be necessary to return to mayo clinic to meet with a health care professional to get test results
290	1	a	unless you revoke your consent it will not expire
291	1	a	will you be able to access your records use this paragraph for blinded studies or other studies where access will be denied in order to protect the integrity of the research otherwise delete it during your participation in this study you will not be able to access your medical records
292	0	a	delete this section if you do not plan to use a witness to the consent process signature
293	0	a	i certify that i have truly distinctly and audibly interpreted the contents of this document into insert language or dialect to the patient parenuguardian
294	0	a	i confirm that i was present as a witness for the consent process for this study
295	0	a	you will may receive no medication or medication at a dose which may not help your condition
296	0	a	in the instance of parental permission you refers to your child
297	0	a	if the study is funded add funding for this study is provided by agency company foundation that is sponsoring the study
298	0	a	for registry studies add people who use the registry auditing departments of the university of iowa and the university of iowa institutional review board a committee that reviews and approves research studies to help protect your confidentiality we wil describe the methods you wil use to help ensure confidentiality
299	1	a	in all cases where information relating to your sample and health information is shared with any of the people or groups listed below you will be identified by a unique number and not by name social security number address telephone number or any direct identifier unless required by law
300	0	a	5 to receive a description of any alternative procedures drugs or devices that might be helpful and their risks and benefits compared to the proposed procedures drugs or devices
301	0	a	i understand that if have any questions about this information wi ask kathy nordgren l ac
302	0	a	approved by irb on 04 24 2009 hs 2007 5631 void after 04 23 2010 irb use only do not alter this footer e cpa 4917 5 of 13 cheek swabs and saliva collection minimal risks associated with cheek swab include mouth discomfort or irritation
303	0	a	in addition attach the debriefing script that will be used to inform participants of the need for deception and the procedures you will follow to address any possible adverse effects of the deception
304	0	a	if you join this study you would not have to stay in it
305	1	a	will you keep my name on file to give to others we wil keep information about you in a special kind of computer listing cal ed a registry
306	0	a	ecu will request your authorization before it releases information to the sponsor
307	1	a	if you agree to being audiotaped but feel uncomfortable at any time during the interview i can turn off the recorder at your request
308	0	a	during or after a transfusion if you notice during after your transfusion hives itching rash fever chills dizziness shortness of breath chest pain lower back pain continuous bleeding or any other unusual symptoms that were not present prior to the transfusion contact your nurse or your physician right away
309	1	a	we make this information available to your doctors for your safety
310	0	a	date time signature of witness to consent procedures print name
311	0	a	you should also contact him her at any time if you feel you have been hurt by being a part of this study
312	1	a	there will be no charge to parents of children who choose to receive the flu vaccine however pulaski health department will collect your insurance information and bill for the cost of the vaccine
313	1	a	use language for a nuclear medicine scan if total dose to one individual across entire study is greater than 5 rem during this study you will have xx insert number and type of scan e g bone scan thyroid scan pet scan including body part to be imaged using a radioactive drug to produce an image of your insert body part to be imaged
314	0	a	2 provide a brief phase specific description of the study groups
315	0	a	costs payments and commercialization the consent form should cover information regarding any costs or payments involved in participating in the proposed research
316	0	a	their patient has been given the opportunity to ask questions about this consent and seek genetic counseling
317	0	a	for clinical trials under fda jurisdiction and other studies if applicable add the important risks and possible benefits of these alternatives are listed below describe the important risks and potential benefits of each of the alternative procedures and courses of treatment
318	0	a	transfusion risks must be weighed against benefits and criteria have been established to aid your doctor in making a decision about whether or not to transfuse
319	1	a	i understand that the facility retains the ownership rights to the images and or recordings
320	0	a	if the test is canceled after the sequencing has begun the patient will be charged the full cost of the test
321	0	a	we encourage you to use these descriptions but they are suggested not required
322	0	a	chance of being given each study treatment
323	0	a	new york city health and hospitals corporation informed consent to perform hiv test new york state department of health aids institute name ward no
324	0	a	blue text should be edited or deleted as necessary to fit the specifics of your study
325	0	a	confidentiality how will your records be kept confidential information we learn about you in this research will be handled in a confidential manner within the limits of the law
326	0	a	people who are not in a study are usually treated with surgery chemotherapy and radiation therapy
327	0	a	october 2013 doc combined informed consent authorization template instructions for developing informed consent privacy authorization document please call the jhm irb office 410 955 3008 if you have any questions drafting the consent form shaded instruction boxes many sections of this document include brief instructions to provide a general overview of information required in the section
328	0	a	there can also be a risk in finding out new genetic information about you
329	0	a	i acknowledge that one or more of the physicians providing treatment at north central surgical center may have ownership interest in north central surgical center
330	1	a	the certificate of confidentiality allows mayo clinic to refuse to release your personal medical information or samples even if a court orders mayo clinic to do so
331	1	a	final y the researcher is not prevented from taking steps including reporting to appropriate authorities to prevent serious harm to yourself or others
332	0	a	developing a simplified consent form for biobanking
333	1	a	text example phase 0 first in human imaging study the purpose of this study is to test if insert name of research intervention e g f18 fluoroglutamine can be used to take pictures of your type of cancer
334	0	a	the consent must be obtained at or about the time the order is issued even ifthe patient previously had consented to a dnr order
335	0	a	if i experience any of the side effects listed above or if i become depressed or psychotic have suicidal thoughts or experience crying spells
336	1	a	the results of this study could be published or presented at scientific meetings lectures or other events but would not include any information that would let others know who your child is unless you give separate permission to do so
337	0	a	my physician has provided me with written information identifying a genetic counselor or medical geneticist from whom i may obtain such counseling
338	0	a	what can i do to help prevent ssis before your surgery tell your doctor about other medical problems you may have
339	0	a	i acknowledge having received the notice at this or a prior visit
340	0	a	we sincerely hope that you will value our strong dedication and commitment to providing you with a lifelong beautiful smile
341	0	a	this form does not need to be returned to the medical genomics laboratory if informed consent portion of the test request form has been signed
342	0	a	5 2 what happens if i get hurt become sick or have other problems as a result of this research for internally funded or investigator initiated non sponsored projects study teams should direct questions to your designated crao analyst for guidance on completing section 5 2 and or section 8 1 of the informed consent with regard to injury language and potential business risk
343	0	a	phrases such as i understand or you understand are not appropriate and should not be included in the document
344	0	a	you will need to discuss the best available methods that would reduce your chances of needing blood with your doctor
345	0	a	if information is inaccurate or incomplete or the sample is contaminated or mislabeled or if there is some other problem with the sample when it is provided to the testing laboratory the sample may not be usable for the site specific genetic test or the results of the test may not be accurate or reliable
346	0	a	the decision about whether or not to take part is totally up to you you can also agree to give permission for your child to take part now and later change your mind
347	0	a	ask why you need to be shaved and talk with your surgeon if you have any concerns
348	0	a	we understand that this statement is part of our template but if it does not or cannot apply to your study please delete it or justify how you plan to share findings to participants
349	0	a	if i do i must tell the doctor or health care team before they start
350	0	a	if there are no known risks state that there are no foreseeable risks to participating
351	0	a	any costs that are not paid for by your health insurer will be billed to you
352	1	a	in some cases the fractured may have to be removed but it is possible to save the remaining roots
353	0	a	before signing this form please be sure that you understand all of the information about the study including the potential risks and benefits
354	1	a	i intend my consent shall apply to all inpatient and outpatient services received by me from good shepherd
355	0	a	it is usually limited to the front twelve teeth in each arch
356	1	a	research records provided to authorized non uci entities will not contain identifiable information about you
357	0	a	it is important that you tell the doctors the hospital or emergency room staff that you are taking part in a research study and the name of the principal investigator
358	0	a	although we believe that the nih privacy measures make this unlikely there is a risk that your identity could become re connected with your genetic and health information
359	0	a	they often have not yet been proven
360	0	a	in some instances this may have potential commercial value and may be developed and owned by the athena diagnostics and or others
361	0	a	if you think this study might affect your clinical care please inform your doctor
362	0	a	both the insert description of first research intervention e g higher radiation dose and insert description of second research intervention e g cetuximab have already been tested for safety however they are not part of the usual approach
363	0	a	use the word participant in the consent form instead of patient since this is research
364	0	a	it is important to let the researchers and your parents know if there is anything that you don t like about the research study right away
365	0	a	if applicable include a description of any relevant potential risks associated with participation in multiple studies e g drug interactions excessive radiation exposure etc
366	1	a	sample template language what is the purpose of the bank the purpose of the bank is to collect and store samples of tissue blood and or other biologic specimens along with health information for research purposes
367	0	a	patient lnitial here d the patient is unable to sign or give consent as reflected in the medical record
368	0	a	they can give you the vaccine package insert or suggest other sources of information
369	0	a	very rarely patients receiving blood transfusion may experience an allergic reaction or develop other complications such as haemolysis breakdown of red cells in your blood or a bacterial infection
370	0	a	section 33 4 of the eresearch application will indicate under which regulation s the study is approved
371	1	a	i declare that i do not need and therefore decline valuable safekeeping services as provided by sparrow security dept
372	0	a	the risks involved in the administrat ion of anesthetics sedative agents and the surgery itself have been fully explained to me
373	1	a	in addition we will take measurements of your skull and face including head circumference arm span upper and lower body segments
374	0	a	sample language which can be used modified or deleted as appropriate for your study is in blue type
375	0	a	the research team and other authorized members of the mount sinai hospital and icahn school of medicine at mount sinai together mount sinai
376	0	a	the next sentence should be included if appropriate you and or your health plan insurance will need to cover the cost of the infusion injection of the study drug
377	0	a	t x a 3 informed consent to treatment 0
378	0	a	i will be given a signed copy of this consent form
379	1	a	if you do not want your samples to be shared with other researchers in the future please initial the no
380	1	a	if you agree to have this extra scan it would involve briefly describe procedures e g blood draw contrast agent time
381	1	a	these procedures will be prescribed as the dentist deems necessary and by initialing and or signing this statement i give my treating dentist and appropriate staff my understanding of the risks and benefits while i am a patient in their offices
382	0	a	therefore splint therapy is not just treatment but also a diagnosti c tool for us to det ermi ne wha t is happen ing in the join ts
383	0	a	you will not experience any direct benefit personally from participating in this study
384	0	a	the researchers intend to keep the research data until the research is published and or presented
385	1	a	i authorize my medical information herein to be shared with my physicianlinsurance
386	0	a	additional syringes of whitening gel may be purchased from our office as you need them
387	0	a	if you choose to be informed of any genetic findings from this study that may be of significance to you you will need to contact your physician as to whether these results should be included in your medical chart
388	1	a	by signing this document you are authorizing this access
389	1	a	researchers can not be forced to give out information that could identify you in any court matter
390	1	a	i understand the benefits and risks of gardasil hpv cervical cancer vaccine vaccination and request that vaccine be given to me or the person named below whom i am authorized to sign for
391	0	a	what else do i need to know about the gardasi vaccine three doses are required for full protection
392	0	a	0000 by initialing i the parent managing conservator guardian am indicating that i have read understand the information included on this page
393	0	a	my child has already had dtpa vaccination i do not want my child to be vaccinated office use only vaccine hpv1 dtpa
394	0	a	person explaining study and obtaining consent signature of person obtaining consent date printed name of person obtaining consent time required if used for fda documentation purposes if the individual cannot read a witness is required to observe the consent process and document below my signature below documents that the information in the consent document and any other written information was accurately explained to and apparently understood by the subject and that consent was freely given by the subject
395	0	a	if i would like to opt out of participation i can contact the mgl via email at medgenomics uab edu or calling the laboratory at 205 934 5562
396	0	a	acrylic only comes in a few shades so it may be impossible to match the shade of your existing teeth
397	0	a	i understand that all anesthetics or sedation medications involve the very rare potential of risks or complications such as damage to vital organs like the brain heart lungs liver and kidneys paralysis cardiac arrest and or death from both known and unknown causes
398	0	a	you do not have to participate in this study in order to get standard medical treatment
399	0	a	sores in the throat or mouth a tear or hole in internal organs that may require surgery chills fever difficulty walking opening mouth with balance and hearing smelling eating sleeping talking or emptying the bladder swelling and redness at the site of the medication injection
400	1	a	rti ci pa you are being asked to give samples and information to the mayo clinic biobank which will be used by many different researchers for many different studies
401	1	a	you do not give up any legal rights by signing this form
402	0	a	translated documents cannot be administered until they have been approved by the irb
403	0	a	the pi in consultation with the umcirb will decide if the protocol requires an assent document for the child in addition to a permission form for the parents or guardian
404	1	a	authorization to use and disclose protected health information when you sign this form you give researchers at mayo clinic permission to use and share all the information from your samples questionnaire and medical record
405	0	a	taking part in the optional studies will not cost you anything
406	0	a	if data records will be destroyed state when if they will be retained explain for how long and why e g we plan to keep this information for years in case we or other researchers want to use it later for other studies
407	0	a	this includes data gathered for research studies that can be traced back to you
408	0	a	this form is meant to provide me with the information i need to make a good decision it is not meant to alarm me
409	0	a	delete if not applicable
410	0	a	a1 these sections are noted in comment bubbles with delete if not applicable
411	0	a	this disclosure is not meant to frighten me
412	0	a	you will not be billed for these optional studies
413	0	a	risks of bleeding or perforation increased to 2 if polyps are removed or coagulation treatment given 3
414	0	a	this donation is voluntary and if i choose not to have my child participate there will be no penalty or loss of entitled benefits
415	1	a	there are many reasons why the researchers may need to end your participation in the study
